<?xml version="1.0" encoding="UTF-8"?>
<document id="DDI-DrugBank.d63">
    <sentence id="DDI-DrugBank.d63.s0" text="Monoamine oxidase (MAO) inhibitors such as isocarboxazid (e.g., Marplan), phenelzine (e.g., Nardil), procarbazine (e.g., Matulane), selegiline (e.g., Eldepryl), and tranylcypromine (e.g., Parnate): Using these medicines with L-tryptophan may increase the chance of side effects.">
        <entity id="DDI-DrugBank.d63.s0.e0" charOffset="0-33"
            type="group" text="Monoamine oxidase (MAO) inhibitors"/>
        <entity id="DDI-DrugBank.d63.s0.e1" charOffset="43-55"
            type="drug" text="isocarboxazid"/>
        <entity id="DDI-DrugBank.d63.s0.e2" charOffset="64-70"
            type="brand" text="Marplan"/>
        <entity id="DDI-DrugBank.d63.s0.e3" charOffset="74-83"
            type="drug" text="phenelzine"/>
        <entity id="DDI-DrugBank.d63.s0.e4" charOffset="92-97"
            type="brand" text="Nardil"/>
        <entity id="DDI-DrugBank.d63.s0.e5" charOffset="101-112"
            type="drug" text="procarbazine"/>
        <entity id="DDI-DrugBank.d63.s0.e6" charOffset="121-128"
            type="brand" text="Matulane"/>
        <entity id="DDI-DrugBank.d63.s0.e7" charOffset="132-141"
            type="drug" text="selegiline"/>
        <entity id="DDI-DrugBank.d63.s0.e8" charOffset="150-157"
            type="brand" text="Eldepryl"/>
        <entity id="DDI-DrugBank.d63.s0.e9" charOffset="165-179"
            type="drug" text="tranylcypromine"/>
        <entity id="DDI-DrugBank.d63.s0.e10" charOffset="188-194"
            type="brand" text="Parnate"/>
        <entity id="DDI-DrugBank.d63.s0.e11" charOffset="225-236"
            type="drug" text="L-tryptophan"/>
        <pair id="DDI-DrugBank.d63.s0.p0" e1="DDI-DrugBank.d63.s0.e0"
            e2="DDI-DrugBank.d63.s0.e1" ddi="false"/>
        <pair id="DDI-DrugBank.d63.s0.p1" e1="DDI-DrugBank.d63.s0.e0"
            e2="DDI-DrugBank.d63.s0.e2" ddi="false"/>
        <pair id="DDI-DrugBank.d63.s0.p2" e1="DDI-DrugBank.d63.s0.e0"
            e2="DDI-DrugBank.d63.s0.e3" ddi="false"/>
        <pair id="DDI-DrugBank.d63.s0.p3" e1="DDI-DrugBank.d63.s0.e0"
            e2="DDI-DrugBank.d63.s0.e4" ddi="false"/>
        <pair id="DDI-DrugBank.d63.s0.p4" e1="DDI-DrugBank.d63.s0.e0"
            e2="DDI-DrugBank.d63.s0.e5" ddi="false"/>
        <pair id="DDI-DrugBank.d63.s0.p5" e1="DDI-DrugBank.d63.s0.e0"
            e2="DDI-DrugBank.d63.s0.e6" ddi="false"/>
        <pair id="DDI-DrugBank.d63.s0.p6" e1="DDI-DrugBank.d63.s0.e0"
            e2="DDI-DrugBank.d63.s0.e7" ddi="false"/>
        <pair id="DDI-DrugBank.d63.s0.p7" e1="DDI-DrugBank.d63.s0.e0"
            e2="DDI-DrugBank.d63.s0.e8" ddi="false"/>
        <pair id="DDI-DrugBank.d63.s0.p8" e1="DDI-DrugBank.d63.s0.e0"
            e2="DDI-DrugBank.d63.s0.e9" ddi="false"/>
        <pair id="DDI-DrugBank.d63.s0.p9" e1="DDI-DrugBank.d63.s0.e0"
            e2="DDI-DrugBank.d63.s0.e10" ddi="false"/>
        <pair id="DDI-DrugBank.d63.s0.p10" e1="DDI-DrugBank.d63.s0.e0"
            e2="DDI-DrugBank.d63.s0.e11" ddi="false"/>
        <pair id="DDI-DrugBank.d63.s0.p11" e1="DDI-DrugBank.d63.s0.e1"
            e2="DDI-DrugBank.d63.s0.e2" ddi="false"/>
        <pair id="DDI-DrugBank.d63.s0.p12" e1="DDI-DrugBank.d63.s0.e1"
            e2="DDI-DrugBank.d63.s0.e3" ddi="false"/>
        <pair id="DDI-DrugBank.d63.s0.p13" e1="DDI-DrugBank.d63.s0.e1"
            e2="DDI-DrugBank.d63.s0.e4" ddi="false"/>
        <pair id="DDI-DrugBank.d63.s0.p14" e1="DDI-DrugBank.d63.s0.e1"
            e2="DDI-DrugBank.d63.s0.e5" ddi="false"/>
        <pair id="DDI-DrugBank.d63.s0.p15" e1="DDI-DrugBank.d63.s0.e1"
            e2="DDI-DrugBank.d63.s0.e6" ddi="false"/>
        <pair id="DDI-DrugBank.d63.s0.p16" e1="DDI-DrugBank.d63.s0.e1"
            e2="DDI-DrugBank.d63.s0.e7" ddi="false"/>
        <pair id="DDI-DrugBank.d63.s0.p17" e1="DDI-DrugBank.d63.s0.e1"
            e2="DDI-DrugBank.d63.s0.e8" ddi="false"/>
        <pair id="DDI-DrugBank.d63.s0.p18" e1="DDI-DrugBank.d63.s0.e1"
            e2="DDI-DrugBank.d63.s0.e9" ddi="false"/>
        <pair id="DDI-DrugBank.d63.s0.p19" e1="DDI-DrugBank.d63.s0.e1"
            e2="DDI-DrugBank.d63.s0.e10" ddi="false"/>
        <pair id="DDI-DrugBank.d63.s0.p20" e1="DDI-DrugBank.d63.s0.e1"
            e2="DDI-DrugBank.d63.s0.e11" ddi="false"/>
        <pair id="DDI-DrugBank.d63.s0.p21" e1="DDI-DrugBank.d63.s0.e2"
            e2="DDI-DrugBank.d63.s0.e3" ddi="false"/>
        <pair id="DDI-DrugBank.d63.s0.p22" e1="DDI-DrugBank.d63.s0.e2"
            e2="DDI-DrugBank.d63.s0.e4" ddi="false"/>
        <pair id="DDI-DrugBank.d63.s0.p23" e1="DDI-DrugBank.d63.s0.e2"
            e2="DDI-DrugBank.d63.s0.e5" ddi="false"/>
        <pair id="DDI-DrugBank.d63.s0.p24" e1="DDI-DrugBank.d63.s0.e2"
            e2="DDI-DrugBank.d63.s0.e6" ddi="false"/>
        <pair id="DDI-DrugBank.d63.s0.p25" e1="DDI-DrugBank.d63.s0.e2"
            e2="DDI-DrugBank.d63.s0.e7" ddi="false"/>
        <pair id="DDI-DrugBank.d63.s0.p26" e1="DDI-DrugBank.d63.s0.e2"
            e2="DDI-DrugBank.d63.s0.e8" ddi="false"/>
        <pair id="DDI-DrugBank.d63.s0.p27" e1="DDI-DrugBank.d63.s0.e2"
            e2="DDI-DrugBank.d63.s0.e9" ddi="false"/>
        <pair id="DDI-DrugBank.d63.s0.p28" e1="DDI-DrugBank.d63.s0.e2"
            e2="DDI-DrugBank.d63.s0.e10" ddi="false"/>
        <pair id="DDI-DrugBank.d63.s0.p29" e1="DDI-DrugBank.d63.s0.e2"
            e2="DDI-DrugBank.d63.s0.e11" ddi="false"/>
        <pair id="DDI-DrugBank.d63.s0.p30" e1="DDI-DrugBank.d63.s0.e3"
            e2="DDI-DrugBank.d63.s0.e4" ddi="false"/>
        <pair id="DDI-DrugBank.d63.s0.p31" e1="DDI-DrugBank.d63.s0.e3"
            e2="DDI-DrugBank.d63.s0.e5" ddi="false"/>
        <pair id="DDI-DrugBank.d63.s0.p32" e1="DDI-DrugBank.d63.s0.e3"
            e2="DDI-DrugBank.d63.s0.e6" ddi="false"/>
        <pair id="DDI-DrugBank.d63.s0.p33" e1="DDI-DrugBank.d63.s0.e3"
            e2="DDI-DrugBank.d63.s0.e7" ddi="false"/>
        <pair id="DDI-DrugBank.d63.s0.p34" e1="DDI-DrugBank.d63.s0.e3"
            e2="DDI-DrugBank.d63.s0.e8" ddi="false"/>
        <pair id="DDI-DrugBank.d63.s0.p35" e1="DDI-DrugBank.d63.s0.e3"
            e2="DDI-DrugBank.d63.s0.e9" ddi="false"/>
        <pair id="DDI-DrugBank.d63.s0.p36" e1="DDI-DrugBank.d63.s0.e3"
            e2="DDI-DrugBank.d63.s0.e10" ddi="false"/>
        <pair id="DDI-DrugBank.d63.s0.p37" e1="DDI-DrugBank.d63.s0.e3"
            e2="DDI-DrugBank.d63.s0.e11" ddi="false"/>
        <pair id="DDI-DrugBank.d63.s0.p38" e1="DDI-DrugBank.d63.s0.e4"
            e2="DDI-DrugBank.d63.s0.e5" ddi="false"/>
        <pair id="DDI-DrugBank.d63.s0.p39" e1="DDI-DrugBank.d63.s0.e4"
            e2="DDI-DrugBank.d63.s0.e6" ddi="false"/>
        <pair id="DDI-DrugBank.d63.s0.p40" e1="DDI-DrugBank.d63.s0.e4"
            e2="DDI-DrugBank.d63.s0.e7" ddi="false"/>
        <pair id="DDI-DrugBank.d63.s0.p41" e1="DDI-DrugBank.d63.s0.e4"
            e2="DDI-DrugBank.d63.s0.e8" ddi="false"/>
        <pair id="DDI-DrugBank.d63.s0.p42" e1="DDI-DrugBank.d63.s0.e4"
            e2="DDI-DrugBank.d63.s0.e9" ddi="false"/>
        <pair id="DDI-DrugBank.d63.s0.p43" e1="DDI-DrugBank.d63.s0.e4"
            e2="DDI-DrugBank.d63.s0.e10" ddi="false"/>
        <pair id="DDI-DrugBank.d63.s0.p44" e1="DDI-DrugBank.d63.s0.e4"
            e2="DDI-DrugBank.d63.s0.e11" ddi="false"/>
        <pair id="DDI-DrugBank.d63.s0.p45" e1="DDI-DrugBank.d63.s0.e5"
            e2="DDI-DrugBank.d63.s0.e6" ddi="false"/>
        <pair id="DDI-DrugBank.d63.s0.p46" e1="DDI-DrugBank.d63.s0.e5"
            e2="DDI-DrugBank.d63.s0.e7" ddi="false"/>
        <pair id="DDI-DrugBank.d63.s0.p47" e1="DDI-DrugBank.d63.s0.e5"
            e2="DDI-DrugBank.d63.s0.e8" ddi="false"/>
        <pair id="DDI-DrugBank.d63.s0.p48" e1="DDI-DrugBank.d63.s0.e5"
            e2="DDI-DrugBank.d63.s0.e9" ddi="false"/>
        <pair id="DDI-DrugBank.d63.s0.p49" e1="DDI-DrugBank.d63.s0.e5"
            e2="DDI-DrugBank.d63.s0.e10" ddi="false"/>
        <pair id="DDI-DrugBank.d63.s0.p50" e1="DDI-DrugBank.d63.s0.e5"
            e2="DDI-DrugBank.d63.s0.e11" ddi="false"/>
        <pair id="DDI-DrugBank.d63.s0.p51" e1="DDI-DrugBank.d63.s0.e6"
            e2="DDI-DrugBank.d63.s0.e7" ddi="false"/>
        <pair id="DDI-DrugBank.d63.s0.p52" e1="DDI-DrugBank.d63.s0.e6"
            e2="DDI-DrugBank.d63.s0.e8" ddi="false"/>
        <pair id="DDI-DrugBank.d63.s0.p53" e1="DDI-DrugBank.d63.s0.e6"
            e2="DDI-DrugBank.d63.s0.e9" ddi="false"/>
        <pair id="DDI-DrugBank.d63.s0.p54" e1="DDI-DrugBank.d63.s0.e6"
            e2="DDI-DrugBank.d63.s0.e10" ddi="false"/>
        <pair id="DDI-DrugBank.d63.s0.p55" e1="DDI-DrugBank.d63.s0.e6"
            e2="DDI-DrugBank.d63.s0.e11" ddi="false"/>
        <pair id="DDI-DrugBank.d63.s0.p56" e1="DDI-DrugBank.d63.s0.e7"
            e2="DDI-DrugBank.d63.s0.e8" ddi="false"/>
        <pair id="DDI-DrugBank.d63.s0.p57" e1="DDI-DrugBank.d63.s0.e7"
            e2="DDI-DrugBank.d63.s0.e9" ddi="false"/>
        <pair id="DDI-DrugBank.d63.s0.p58" e1="DDI-DrugBank.d63.s0.e7"
            e2="DDI-DrugBank.d63.s0.e10" ddi="false"/>
        <pair id="DDI-DrugBank.d63.s0.p59" e1="DDI-DrugBank.d63.s0.e7"
            e2="DDI-DrugBank.d63.s0.e11" ddi="false"/>
        <pair id="DDI-DrugBank.d63.s0.p60" e1="DDI-DrugBank.d63.s0.e8"
            e2="DDI-DrugBank.d63.s0.e9" ddi="false"/>
        <pair id="DDI-DrugBank.d63.s0.p61" e1="DDI-DrugBank.d63.s0.e8"
            e2="DDI-DrugBank.d63.s0.e10" ddi="false"/>
        <pair id="DDI-DrugBank.d63.s0.p62" e1="DDI-DrugBank.d63.s0.e8"
            e2="DDI-DrugBank.d63.s0.e11" ddi="false"/>
        <pair id="DDI-DrugBank.d63.s0.p63" e1="DDI-DrugBank.d63.s0.e9"
            e2="DDI-DrugBank.d63.s0.e10" ddi="false"/>
        <pair id="DDI-DrugBank.d63.s0.p64" e1="DDI-DrugBank.d63.s0.e9"
            e2="DDI-DrugBank.d63.s0.e11" ddi="false"/>
        <pair id="DDI-DrugBank.d63.s0.p65" e1="DDI-DrugBank.d63.s0.e10"
            e2="DDI-DrugBank.d63.s0.e11" ddi="false"/>
    </sentence>
</document>
